group,stratum,stratum_label,n,mean_year,median_year
Human,0,"related morbidity, stage diagnosis, combination strategies, clinical intervention",8,2022.3,2021.75
Human,1,"details use execution, myosin motors, nascent chain, origin life",11,2022.1,2022.0
Human,3,"fetal liver, stalled replication forks, pulmonary vascular, chromatin state",1,2020.0,2020.0
Human,5,"therapeutic strategies including, exosomes emerging, epigenetic modulation, solid cancers",2,2022.5,2022.5
Human,8,"bla ctx, spectrum lactamase esbl, sequence types sts, coli isolates",1,2022.0,2022.0
All AI,0,"related morbidity, stage diagnosis, combination strategies, clinical intervention",18,2021.2,2021.5
All AI,1,"details use execution, myosin motors, nascent chain, origin life",44,2022.1,2022.0
All AI,3,"fetal liver, stalled replication forks, pulmonary vascular, chromatin state",4,2021.8,2022.0
All AI,5,"therapeutic strategies including, exosomes emerging, epigenetic modulation, solid cancers",3,2021.3,2021.5
