,relevance_to_emergent_phenomena,novelty_and_significance,rigor_of_approach,scope_and_timeline,synthesis_focus,data_identification,open_science_commitment,review_score_mean
mean_pairwise_dist,-0.1471,-0.2118,-0.3075,-0.3069,0.4216,0.0396,-0.1013,-0.1092
centroid_dist_raw,-0.1471,-0.2118,-0.3075,-0.3069,0.4216,0.0396,-0.1013,-0.1092
centroid_dist_loo,-0.1471,-0.2118,-0.3075,-0.3069,0.4216,0.0396,-0.1013,-0.1092
global_centroid_dist,-0.2742,-0.2395,-0.1562,-0.1573,0.2778,0.0998,-0.0346,-0.0276
nn_dist_global,-0.0551,0.0547,0.0605,0.3275,0.422,0.2619,0.1025,0.2637
mean_5nn_dist_global,-0.0413,0.1283,0.1638,0.3358,0.3005,0.1982,0.1318,0.2635
medoid_dist,0.0924,0.2572,-0.0637,0.3197,0.5311,0.1455,0.0075,0.2512
element_novel_0,-0.4863,-0.5209,-0.2746,0.0504,0.4849,0.1068,0.3886,-0.003
element_novel_1,0.2288,0.1842,0.2516,-0.0348,0.1631,0.1605,0.3049,0.1734
element_novel_5,0.1792,0.1197,0.3189,0.0424,0.2094,0.2607,0.2474,0.2136
element_novel_10,0.0937,0.069,0.2917,-0.0227,0.1727,0.1959,0.2338,0.1587
mean_knn_5,-0.4181,-0.383,-0.2326,0.199,0.6032,0.191,0.3616,0.1157
mean_knn_10,-0.3188,-0.3185,-0.2576,0.183,0.5853,0.1808,0.3646,0.1117
mean_knn_20,-0.3188,-0.3185,-0.2576,0.183,0.5853,0.1808,0.3646,0.1117
mean_knn_50,-0.1837,-0.2032,-0.1989,0.2595,0.5415,0.2466,0.3772,0.1808
novelty_ratio,-0.3784,-0.2944,-0.465,-0.5476,-0.0455,-0.1086,0.1389,-0.2034
novelty_z,-0.416,-0.2622,-0.4502,-0.5341,0.1352,0.0279,0.2348,-0.0846
