title,cohort,metric,human_n3,ai_n3
a unified framework for analyses of proteome turnover dynamics,Y2,mean_pairwise,0.05642699390697312,0.02405057312671366
a unified framework for analyses of proteome turnover dynamics,Y2,nn,0.04708235440568794,0.022581532434939766
a unified framework for analyses of proteome turnover dynamics,Y2,sparseness,0.03386205160738199,0.015504415241071675
a unified framework for analyses of proteome turnover dynamics,Y2,span90,0.023173149038126672,0.00872439165332175
cytokinetic bottlenecks of heat waves,Y1,mean_pairwise,0.06305875512599118,0.03156614437986993
cytokinetic bottlenecks of heat waves,Y1,nn,0.049774125800479276,0.02840711412782415
cytokinetic bottlenecks of heat waves,Y1,sparseness,0.03440220977580117,0.019619638505594044
cytokinetic bottlenecks of heat waves,Y1,span90,0.02628044639114299,0.011917802647979725
deciphering systemic biological networks through aidriven multiomic integration,Y2,mean_pairwise,0.0403348661262962,0.02677442855034562
deciphering systemic biological networks through aidriven multiomic integration,Y2,nn,0.036826668329169865,0.024509578803930048
deciphering systemic biological networks through aidriven multiomic integration,Y2,sparseness,0.02485450454419138,0.017059697598473256
deciphering systemic biological networks through aidriven multiomic integration,Y2,span90,0.014845376856136001,0.010017370904404355
discovery and functional analysis of bacterial organelles through mining and refinement of omics data,Y2,mean_pairwise,0.03750657050599304,0.028061816571197995
discovery and functional analysis of bacterial organelles through mining and refinement of omics data,Y2,nn,0.03469995314418268,0.026757292595531206
discovery and functional analysis of bacterial organelles through mining and refinement of omics data,Y2,sparseness,0.023473626842210386,0.017846517868974583
discovery and functional analysis of bacterial organelles through mining and refinement of omics data,Y2,span90,0.013667085048319772,0.009840428495410603
elucidating emergent structures in cellular rnaprotein interaction networks,Y1,mean_pairwise,0.037984498444959984,0.0355667126388051
elucidating emergent structures in cellular rnaprotein interaction networks,Y1,nn,0.03462498762977304,0.02926359454499509
elucidating emergent structures in cellular rnaprotein interaction networks,Y1,sparseness,0.0235716879582818,0.021240106548647348
elucidating emergent structures in cellular rnaprotein interaction networks,Y1,span90,0.0140755068319145,0.014753869524937624
elucidating genome structurefunction relationships in human brain cells,Y1,mean_pairwise,0.036109882227895795,0.0290781138294454
elucidating genome structurefunction relationships in human brain cells,Y1,nn,0.03400818212427663,0.02607939163024305
elucidating genome structurefunction relationships in human brain cells,Y1,sparseness,0.022954070199069736,0.01810327941938376
elucidating genome structurefunction relationships in human brain cells,Y1,span90,0.012933269428978274,0.011039173946376213
emergent order parameters of allostery an ai framework for predicting and engineering protein regulation,Y2,mean_pairwise,0.047091042499477966,0.035634338014581414
emergent order parameters of allostery an ai framework for predicting and engineering protein regulation,Y2,nn,0.04209548957602134,0.03461053324651131
emergent order parameters of allostery an ai framework for predicting and engineering protein regulation,Y2,sparseness,0.029358794253664427,0.02312089669625587
emergent order parameters of allostery an ai framework for predicting and engineering protein regulation,Y2,span90,0.018040521997462915,0.012314015126532251
energetic origins of connectivity within protein interaction networks,Y1,mean_pairwise,0.05049456841445968,0.03061295094482434
energetic origins of connectivity within protein interaction networks,Y1,nn,0.04380184153598056,0.02771890386726202
energetic origins of connectivity within protein interaction networks,Y1,sparseness,0.030728108776643875,0.018958018619394574
energetic origins of connectivity within protein interaction networks,Y1,span90,0.019865684772734704,0.0114250830498706
from image data and biophysical simulations to principles of mesoscale organization through integrated transfer learning,Y1,mean_pairwise,0.035526814265657625,0.029659765297265068
from image data and biophysical simulations to principles of mesoscale organization through integrated transfer learning,Y1,nn,0.03238366681637195,0.026756466825752168
from image data and biophysical simulations to principles of mesoscale organization through integrated transfer learning,Y1,sparseness,0.022199464846452112,0.018110980250509317
from image data and biophysical simulations to principles of mesoscale organization through integrated transfer learning,Y1,span90,0.013220667021536727,0.011023859839874705
from protein knots to pierced lassos unraveling the evolutionary origin of complex topologies,Y2,mean_pairwise,0.044785843092365475,0.025779886963955684
from protein knots to pierced lassos unraveling the evolutionary origin of complex topologies,Y2,nn,0.04180110077642858,0.022976354155271068
from protein knots to pierced lassos unraveling the evolutionary origin of complex topologies,Y2,sparseness,0.02812725037353021,0.016091726901851195
from protein knots to pierced lassos unraveling the evolutionary origin of complex topologies,Y2,span90,0.016157376499908192,0.009885544049638683
integrating ai and molecular dynamics simulations for quantitative prediction of enzyme functions,Y2,mean_pairwise,0.057993302548118186,0.028847153065793812
integrating ai and molecular dynamics simulations for quantitative prediction of enzyme functions,Y2,nn,0.04982959099375872,0.027628353232409458
integrating ai and molecular dynamics simulations for quantitative prediction of enzyme functions,Y2,sparseness,0.03368148473989041,0.018720713466909178
integrating ai and molecular dynamics simulations for quantitative prediction of enzyme functions,Y2,span90,0.022485446603826807,0.010194531479210501
integrative multiomics synthesis to identify shared molecular mechanisms of mammalian hibernation,Y2,mean_pairwise,0.03781556229650928,0.030708731836335972
integrative multiomics synthesis to identify shared molecular mechanisms of mammalian hibernation,Y2,nn,0.03205436161053134,0.02744689487651723
integrative multiomics synthesis to identify shared molecular mechanisms of mammalian hibernation,Y2,sparseness,0.022435557957994148,0.018984916512853982
integrative multiomics synthesis to identify shared molecular mechanisms of mammalian hibernation,Y2,span90,0.01506221098335958,0.011665411473941779
maitool  llmpowered bioinformatics tools for microbiome analysis,Y1,mean_pairwise,0.03405134924476314,0.03367583789902103
maitool  llmpowered bioinformatics tools for microbiome analysis,Y1,nn,0.03146246856314701,0.0315869039395689
maitool  llmpowered bioinformatics tools for microbiome analysis,Y1,sparseness,0.02145016036713966,0.021672521097199488
maitool  llmpowered bioinformatics tools for microbiome analysis,Y1,span90,0.012480996077796618,0.01224190275557313
predictive synthesis framework for elucidating biophysical cell state from spatial transcriptomics and proteomics,Y2,mean_pairwise,0.03962898766228011,0.02912215835383077
predictive synthesis framework for elucidating biophysical cell state from spatial transcriptomics and proteomics,Y2,nn,0.034542323920636456,0.026301459416398092
predictive synthesis framework for elucidating biophysical cell state from spatial transcriptomics and proteomics,Y2,sparseness,0.02389158315337582,0.017907102434905193
predictive synthesis framework for elucidating biophysical cell state from spatial transcriptomics and proteomics,Y2,span90,0.01536758522611908,0.010855048509416676
revealing the ontology of allostery through communityscale synthesis,Y2,mean_pairwise,0.041199403795152745,0.03025927517799813
revealing the ontology of allostery through communityscale synthesis,Y2,nn,0.03650456174335351,0.025173441237098155
revealing the ontology of allostery through communityscale synthesis,Y2,sparseness,0.025594902002464056,0.01720143068119806
revealing the ontology of allostery through communityscale synthesis,Y2,span90,0.015925898487697522,0.012019824759098796
searching the crosslinking mass spectrometry universe for new proteinprotein interactions,Y1,mean_pairwise,0.0465800986148216,0.058962957855669
searching the crosslinking mass spectrometry universe for new proteinprotein interactions,Y1,nn,0.04015477105951895,0.05058103974652587
searching the crosslinking mass spectrometry universe for new proteinprotein interactions,Y1,sparseness,0.027764368185079425,0.03592983817163594
searching the crosslinking mass spectrometry universe for new proteinprotein interactions,Y1,span90,0.01823344757795673,0.023603472771358592
synevo discovering evolutionary principles of molecular organization through crossspecies data synthesis,Y2,mean_pairwise,0.049263466539053155,0.03385113797428093
synevo discovering evolutionary principles of molecular organization through crossspecies data synthesis,Y2,nn,0.0411064185079976,0.029241238202024216
synevo discovering evolutionary principles of molecular organization through crossspecies data synthesis,Y2,sparseness,0.029202678730967612,0.02002372525927069
synevo discovering evolutionary principles of molecular organization through crossspecies data synthesis,Y2,span90,0.020061479193663564,0.013116631665191147
synthesizing gene expression data to create an atlas of bacterial cell states,Y1,mean_pairwise,0.028219387512636054,0.038769430725922725
synthesizing gene expression data to create an atlas of bacterial cell states,Y1,nn,0.025443476796009917,0.03693565238598032
synthesizing gene expression data to create an atlas of bacterial cell states,Y1,sparseness,0.017230170045456582,0.024945385513444423
synthesizing gene expression data to create an atlas of bacterial cell states,Y1,span90,0.010494072177028057,0.013757401987103757
transposable elements and the emergence of genomic innovation,Y1,mean_pairwise,0.03845135504011081,0.037919484707389074
transposable elements and the emergence of genomic innovation,Y1,nn,0.035706875710044994,0.029435385427017142
transposable elements and the emergence of genomic innovation,Y1,sparseness,0.024481914556409582,0.021244422104848115
transposable elements and the emergence of genomic innovation,Y1,span90,0.014101364375108666,0.016241894349454646
