criterion,feature,coef,abs_coef,odds_ratio_per_sd
data_identification,newline_per_1k_chars,-0.476879907940192,0.476879907940192,0.620717068008849
data_identification,type_token_ratio,0.42107078283858956,0.42107078283858956,1.5235921187671047
data_identification,is_nn_outlier,-0.35581935683755783,0.35581935683755783,0.7005991672541586
data_identification,comma_per_1k_chars,0.3230819549272579,0.3230819549272579,1.3813785570458244
data_identification,dash_per_1k_chars,-0.19586990249491398,0.19586990249491398,0.8221191833757969
data_identification,is_literature_outlier,0.19089811633232243,0.19089811633232243,1.2103361323149882
data_identification,nn_dist,0.15394942645811707,0.15394942645811707,1.1664318946944527
data_identification,hedge_rate,0.15178633292552413,0.15178633292552413,1.163911520292344
data_identification,raw_novelty,-0.1419115443927113,0.1419115443927113,0.8676980058454586
data_identification,novelty_z,-0.14191130507469302,0.14191130507469302,0.8676982135012508
data_identification,n_chars,0.09082687277867589,0.09082687277867589,1.0950794007923033
data_identification,stopword_rate,0.08230417237707688,0.08230417237707688,1.0857860257221674
data_identification,fk_grade_level,-0.07955609718740504,0.07955609718740504,0.9235262112925111
data_identification,n_words,-0.06985884359492159,0.06985884359492159,0.9325254425551549
data_identification,flesch_reading_ease,0.0644427887162163,0.0644427887162163,1.0665645569715703
data_identification,avg_sent_len_words,-0.05829943989389969,0.05829943989389969,0.9433674232982696
data_identification,centroid_dist,0.045318628476167695,0.045318628476167695,1.0463612072759103
data_identification,n_sents,-0.03596936050411587,0.03596936050411587,0.9646698500282214
data_identification,paren_per_1k_chars,-0.034413158281380946,0.034413158281380946,0.9661722401012232
data_identification,avg_word_len,0.018324992590653854,0.018324992590653854,1.0184939255883043
data_identification,semicolon_per_1k_chars,0.0,0.0,1.0
data_identification,colon_per_1k_chars,0.0,0.0,1.0
data_identification,quote_per_1k_chars,0.0,0.0,1.0
data_identification,bullet_per_1k_chars,0.0,0.0,1.0
novelty_and_significance,nn_dist,-1.1849628593523547,1.1849628593523547,0.3057575353207134
novelty_and_significance,centroid_dist,1.0608732146823756,1.0608732146823756,2.8888925115494866
novelty_and_significance,newline_per_1k_chars,-0.8778975557186707,0.8778975557186707,0.415655887011669
novelty_and_significance,avg_sent_len_words,0.8514885092479105,0.8514885092479105,2.34313203111916
novelty_and_significance,n_words,0.7911397058807345,0.7911397058807345,2.2059090816926386
novelty_and_significance,type_token_ratio,0.7050205749024342,0.7050205749024342,2.0238883257988087
novelty_and_significance,is_literature_outlier,0.5551135373970385,0.5551135373970385,1.7421387714471608
novelty_and_significance,paren_per_1k_chars,-0.5270135467696426,0.5270135467696426,0.5903654383616947
novelty_and_significance,is_nn_outlier,-0.43925162004249424,0.43925162004249424,0.6445185854311469
novelty_and_significance,stopword_rate,-0.4088694740007767,0.4088694740007767,0.664400948260408
novelty_and_significance,flesch_reading_ease,0.3610644923752328,0.3610644923752328,1.434855995165891
novelty_and_significance,n_sents,-0.3375707620160461,0.3375707620160461,0.7135014841166476
novelty_and_significance,novelty_z,-0.31695824024378794,0.31695824024378794,0.7283611706755461
novelty_and_significance,raw_novelty,-0.31695818146753246,0.31695818146753246,0.7283612134858896
novelty_and_significance,n_chars,0.3061997517590959,0.3061997517590959,1.3582535929965172
novelty_and_significance,avg_word_len,-0.12074829736739978,0.12074829736739978,0.8862570047424264
novelty_and_significance,comma_per_1k_chars,-0.11262158460001792,0.11262158460001792,0.8934887060371648
novelty_and_significance,fk_grade_level,-0.07579719472970674,0.07579719472970674,0.9270041888319192
novelty_and_significance,hedge_rate,-0.021373400054657824,0.021373400054657824,0.9788533924111469
novelty_and_significance,dash_per_1k_chars,-0.002805763962592551,0.002805763962592551,0.9971981685143871
novelty_and_significance,semicolon_per_1k_chars,0.0,0.0,1.0
novelty_and_significance,colon_per_1k_chars,0.0,0.0,1.0
novelty_and_significance,quote_per_1k_chars,0.0,0.0,1.0
novelty_and_significance,bullet_per_1k_chars,0.0,0.0,1.0
open_science_commitment,type_token_ratio,1.2021894661492623,1.2021894661492623,3.3273941700867224
open_science_commitment,flesch_reading_ease,0.7499135625996614,0.7499135625996614,2.1168170365429964
open_science_commitment,avg_word_len,0.672641976673964,0.672641976673964,1.9594071963908637
open_science_commitment,n_chars,0.6168801348237856,0.6168801348237856,1.853137474574989
open_science_commitment,n_words,0.5909913999093493,0.5909913999093493,1.805777776188853
open_science_commitment,dash_per_1k_chars,-0.5716213622312615,0.5716213622312615,0.5646092600418537
open_science_commitment,fk_grade_level,-0.555279892371729,0.555279892371729,0.5739116052339439
open_science_commitment,avg_sent_len_words,0.501493112015998,0.501493112015998,1.6511848349714642
open_science_commitment,centroid_dist,-0.3889021592482993,0.3889021592482993,0.6778005832884201
open_science_commitment,comma_per_1k_chars,0.3432452838212519,0.3432452838212519,1.4095144506193535
open_science_commitment,is_literature_outlier,-0.33374538403153514,0.33374538403153514,0.7162361241670429
open_science_commitment,n_sents,0.27199773179858666,0.27199773179858666,1.3125840241027933
open_science_commitment,novelty_z,0.1649588598076126,0.1649588598076126,1.1793445992496432
open_science_commitment,raw_novelty,0.1649585840603294,0.1649585840603294,1.1793442740486189
open_science_commitment,nn_dist,0.1100629629138107,0.1100629629138107,1.1163483567915033
open_science_commitment,is_nn_outlier,-0.10627074953053228,0.10627074953053228,0.8991811622380339
open_science_commitment,stopword_rate,-0.0754839185127973,0.0754839185127973,0.9272946426910232
open_science_commitment,newline_per_1k_chars,0.07321967742507593,0.07321967742507593,1.0759668765874233
open_science_commitment,paren_per_1k_chars,0.07059941879744876,0.07059941879744876,1.073151255534629
open_science_commitment,hedge_rate,-0.040547178062068395,0.040547178062068395,0.9602638600547415
open_science_commitment,semicolon_per_1k_chars,0.0,0.0,1.0
open_science_commitment,colon_per_1k_chars,0.0,0.0,1.0
open_science_commitment,quote_per_1k_chars,0.0,0.0,1.0
open_science_commitment,bullet_per_1k_chars,0.0,0.0,1.0
relevance_to_emergent_phenomena,nn_dist,-1.5335986785601208,1.5335986785601208,0.21575782549333308
relevance_to_emergent_phenomena,type_token_ratio,1.4308364264616293,1.4308364264616293,4.182195828638441
relevance_to_emergent_phenomena,dash_per_1k_chars,-1.1642027644611306,1.1642027644611306,0.3121714370171509
relevance_to_emergent_phenomena,stopword_rate,-1.0177355268931998,1.0177355268931998,0.36141242295210607
relevance_to_emergent_phenomena,is_nn_outlier,0.9608773613182671,0.9608773613182671,2.613988880371494
relevance_to_emergent_phenomena,avg_sent_len_words,0.9199648155219098,0.9199648155219098,2.5092021034167176
relevance_to_emergent_phenomena,n_words,0.8549536756052183,0.8549536756052183,2.351265457102743
relevance_to_emergent_phenomena,comma_per_1k_chars,-0.4185955706362222,0.4185955706362222,0.6579702439523869
relevance_to_emergent_phenomena,is_literature_outlier,-0.3968578814736173,0.3968578814736173,0.6724295835437311
relevance_to_emergent_phenomena,n_sents,-0.36399930865190344,0.36399930865190344,0.6948916751547815
relevance_to_emergent_phenomena,flesch_reading_ease,0.3545877625152449,0.3545877625152449,1.4255928503214899
relevance_to_emergent_phenomena,avg_word_len,-0.28605019672244225,0.28605019672244225,0.7512249059723386
relevance_to_emergent_phenomena,novelty_z,-0.19844251918794462,0.19844251918794462,0.8200069040484972
relevance_to_emergent_phenomena,raw_novelty,-0.198442300676412,0.198442300676412,0.8200070832294821
relevance_to_emergent_phenomena,paren_per_1k_chars,-0.18692651177671676,0.18692651177671676,0.8295046929716725
relevance_to_emergent_phenomena,newline_per_1k_chars,0.17904007802067118,0.17904007802067118,1.1960686792725572
relevance_to_emergent_phenomena,hedge_rate,-0.14808772638481557,0.14808772638481557,0.8623554602966819
relevance_to_emergent_phenomena,centroid_dist,0.11422796143851292,0.11422796143851292,1.1210076422737074
relevance_to_emergent_phenomena,fk_grade_level,-0.04813917072304952,0.04813917072304952,0.9530011479891473
relevance_to_emergent_phenomena,n_chars,0.03213537654835952,0.03213537654835952,1.0326572934229103
relevance_to_emergent_phenomena,semicolon_per_1k_chars,0.0,0.0,1.0
relevance_to_emergent_phenomena,colon_per_1k_chars,0.0,0.0,1.0
relevance_to_emergent_phenomena,quote_per_1k_chars,0.0,0.0,1.0
relevance_to_emergent_phenomena,bullet_per_1k_chars,0.0,0.0,1.0
rigor_of_approach,type_token_ratio,0.2624007113081606,0.2624007113081606,1.300047381756323
rigor_of_approach,is_nn_outlier,0.180229099123109,0.180229099123109,1.1974916759910914
rigor_of_approach,n_sents,0.13839687700317946,0.13839687700317946,1.148431245791849
rigor_of_approach,newline_per_1k_chars,-0.10789614887687307,0.10789614887687307,0.8977208209051233
rigor_of_approach,centroid_dist,-0.10281591216943359,0.10281591216943359,0.9022930593656862
rigor_of_approach,n_chars,0.095689640917923,0.095689640917923,1.1004174864298812
rigor_of_approach,comma_per_1k_chars,0.08596833315580835,0.08596833315580835,1.0897718181243483
rigor_of_approach,dash_per_1k_chars,0.05282527640200503,0.05282527640200503,1.054245427471982
rigor_of_approach,flesch_reading_ease,-0.0420867155655209,0.0420867155655209,0.9587866352422506
rigor_of_approach,fk_grade_level,0.040344972792814474,0.040344972792814474,1.041169887530557
rigor_of_approach,n_words,0.03788861602206363,0.03788861602206363,1.0386155413049865
rigor_of_approach,stopword_rate,0.03240916721713728,0.03240916721713728,1.0329400640621096
rigor_of_approach,nn_dist,-0.028965527773444435,0.028965527773444435,0.9714499519322382
rigor_of_approach,novelty_z,0.02831822377341899,0.02831822377341899,1.0287229964531621
rigor_of_approach,raw_novelty,0.028318140813120785,0.028318140813120785,1.0287229111099991
rigor_of_approach,avg_word_len,0.02397350199190768,0.02397350199190768,1.0242631765970858
rigor_of_approach,paren_per_1k_chars,-0.019923589985544426,0.019923589985544426,0.9802735731630651
rigor_of_approach,hedge_rate,-0.010703120834000351,0.010703120834000351,0.9893539537568897
rigor_of_approach,avg_sent_len_words,0.0010947099200011527,0.0010947099200011527,1.0010953093336137
rigor_of_approach,is_literature_outlier,0.00020326259948524287,0.00020326259948524287,1.000203283258727
rigor_of_approach,semicolon_per_1k_chars,0.0,0.0,1.0
rigor_of_approach,colon_per_1k_chars,0.0,0.0,1.0
rigor_of_approach,quote_per_1k_chars,0.0,0.0,1.0
rigor_of_approach,bullet_per_1k_chars,0.0,0.0,1.0
scope_and_timeline,centroid_dist,-0.3322746318074783,0.3322746318074783,0.7172903050690386
scope_and_timeline,is_nn_outlier,0.20194605814318234,0.20194605814318234,1.2237819932578358
scope_and_timeline,newline_per_1k_chars,-0.18747359440295763,0.18747359440295763,0.8290510094782565
scope_and_timeline,avg_word_len,0.12947362212083868,0.12947362212083868,1.138229086997481
scope_and_timeline,nn_dist,0.12380128341189839,0.12380128341189839,1.131790943016814
scope_and_timeline,paren_per_1k_chars,0.10326957347152022,0.10326957347152022,1.1087902692338776
scope_and_timeline,flesch_reading_ease,0.10253965210935966,0.10253965210935966,1.1079812348318745
scope_and_timeline,type_token_ratio,0.10105519874308748,0.10105519874308748,1.1063377085289448
scope_and_timeline,n_chars,-0.09124481084369104,0.09124481084369104,0.9127942216205713
scope_and_timeline,fk_grade_level,-0.0903956445499551,0.0903956445499551,0.9135696649002397
scope_and_timeline,dash_per_1k_chars,-0.08839339940468686,0.08839339940468686,0.9154006877932878
scope_and_timeline,comma_per_1k_chars,-0.08425653309812901,0.08425653309812901,0.9191954217974267
scope_and_timeline,n_sents,0.06271118359075442,0.06271118359075442,1.0647192864191357
scope_and_timeline,is_literature_outlier,0.05095472476250305,0.05095472476250305,1.0522752501928212
scope_and_timeline,n_words,0.039922032449453596,0.039922032449453596,1.0407296278891724
scope_and_timeline,stopword_rate,-0.024390125022193967,0.024390125022193967,0.9759049105582002
scope_and_timeline,avg_sent_len_words,0.02249272119200257,0.02249272119200257,1.022747589754017
scope_and_timeline,raw_novelty,-0.01624860450918292,0.01624860450918292,0.9838826919749911
scope_and_timeline,novelty_z,-0.01624837524696195,0.01624837524696195,0.9838829175421481
scope_and_timeline,hedge_rate,0.0059201254978601655,0.0059201254978601655,1.0059376840733714
scope_and_timeline,semicolon_per_1k_chars,0.0,0.0,1.0
scope_and_timeline,colon_per_1k_chars,0.0,0.0,1.0
scope_and_timeline,quote_per_1k_chars,0.0,0.0,1.0
scope_and_timeline,bullet_per_1k_chars,0.0,0.0,1.0
synthesis_focus,is_nn_outlier,3.2725426777346054,3.2725426777346054,26.37832572628389
synthesis_focus,centroid_dist,-2.3867537361699735,2.3867537361699735,0.09192762133618664
synthesis_focus,avg_word_len,2.0255870973041383,2.0255870973041383,7.580560164883103
synthesis_focus,hedge_rate,1.373112724866135,1.373112724866135,3.947619444150724
synthesis_focus,flesch_reading_ease,1.064873793558623,1.064873793558623,2.9004729025958533
synthesis_focus,n_chars,1.0386057782839992,1.0386057782839992,2.8252752070660554
synthesis_focus,fk_grade_level,-0.9883693429391254,0.9883693429391254,0.37218309946464945
synthesis_focus,paren_per_1k_chars,0.9193543713019722,0.9193543713019722,2.507670842918143
synthesis_focus,n_sents,0.8184614527001194,0.8184614527001194,2.2670092520419867
synthesis_focus,stopword_rate,0.7937361203108096,0.7937361203108096,2.211643977725433
synthesis_focus,comma_per_1k_chars,0.735296036489252,0.735296036489252,2.086099462664827
synthesis_focus,novelty_z,-0.5762244498977313,0.5762244498977313,0.562016286541166
synthesis_focus,raw_novelty,-0.5762242254690594,0.5762242254690594,0.5620164126737488
synthesis_focus,is_literature_outlier,0.45074320317827726,0.45074320317827726,1.569478193327651
synthesis_focus,dash_per_1k_chars,-0.4034232278626079,0.4034232278626079,0.6680293108684064
synthesis_focus,n_words,0.29556823701294827,0.29556823701294827,1.3438897896806805
synthesis_focus,newline_per_1k_chars,-0.21226993556763393,0.21226993556763393,0.8087463586917062
synthesis_focus,nn_dist,0.09717812055131834,0.09717812055131834,1.1020566550785975
synthesis_focus,avg_sent_len_words,0.07559488396701373,0.07559488396701373,1.078525557646675
synthesis_focus,type_token_ratio,-0.050280968594612334,0.050280968594612334,0.9509621964492612
synthesis_focus,semicolon_per_1k_chars,0.0,0.0,1.0
synthesis_focus,colon_per_1k_chars,0.0,0.0,1.0
synthesis_focus,quote_per_1k_chars,0.0,0.0,1.0
synthesis_focus,bullet_per_1k_chars,0.0,0.0,1.0
